keyword_name;topic_name;keyword_id;topic_id
sleep;psychology;4690;4200
deprivation;psychology;4691;4200
cognitive function;psychology;4692;4200
attention;psychology;4693;4200
working;psychology;4694;4200
memory;psychology;4695;4200
decision making;psychology;4696;4200
performance;psychology;4697;4200
social media;psychology;46915;4200
mental health;psychology;46917;4200
anxiety;psychology;46918;4200
meditation;psychology;46949;4200
stress;psychology;46950;4200
symptoms;psychology;46951;4200
wellbeing;psychology;46952;4200
sleep deprivation;psychology;46992;4200
decision-making;psychology;46995;4200
body image;psychology;469105;4200
self-esteem;psychology;469109;4200
social media use mood;psychology;469239;4200
social media literacy regulation;psychology;469240;4200
healthy behaviors;psychology;469241;4200
big data;psychology;469356;4200
neuroscience;psychology;469430;4200
sleep;cardiology;4690;4203
exercise;cardiology;4698;4203
depression;cardiology;46919;4203
machine learning algorithm;cardiology;46921;4203
heart disease;cardiology;46922;4203
prediction;cardiology;46923;4203
patient characteristics;cardiology;46924;4203
medical history;cardiology;46925;4203
stress;cardiology;46950;4203
sleep apnea;cardiology;469112;4203
nutrition;cardiology;469114;4203
exercise;physical therapy;4698;4201
chronic pain;physical therapy;4699;4201
pain;physical therapy;46910;4201
perception;physical therapy;46911;4201
physical function;physical therapy;46912;4201
arthritis;physical therapy;46913;4201
fibromyalgia;physical therapy;46914;4201
exercise;mental health;4698;42015
mental health;mental health;46917;42015
anxiety;mental health;46918;42015
stress;mental health;46950;42015
physical activity;mental health;46997;42015
mood;mental health;46998;42015
treatment;mental health;46999;42015
exercise;prevention;4698;42020
nutrition;prevention;469114;42020
chronic pain;pain management;4699;42010
pain management;pain management;46968;42010
medication;pain management;46969;42010
physical therapy;pain management;46970;42010
psychological interventions;pain management;46971;42010
pain conditions;pain management;46972;42010
virtual reality;pain management;469122;42010
music therapy;pain management;469166;42010
physiological mechanisms;pain management;469167;42010
adjunctive therapy;pain management;469168;42010
social media;psychiatry;46915;4202
adolescent;psychiatry;46916;4202
mental health;psychiatry;46917;4202
anxiety;psychiatry;46918;4202
depression;psychiatry;46919;4202
excessive use;psychiatry;46920;4202
social media;social psychology;46915;42017
body image;social psychology;469105;42017
eating behaviors;social psychology;469106;42017
exposure;social psychology;469107;42017
idealized images;social psychology;469108;42017
self-esteem;social psychology;469109;42017
positive body image;social psychology;469110;42017
social media;data science;46915;42044
machine learning algorithms;data science;469175;42044
business performance;data science;469208;42044
customer churn;data science;469248;42044
telecommunication industry;data science;469249;42044
model evaluation;data science;469250;42044
performance evaluation;data science;469253;42044
dataset;data science;469254;42044
deep learning;data science;469256;42044
fraudulent transactions;data science;469271;42044
machine learning approach;data science;469272;42044
transactional data;data science;469273;42044
performance comparison;data science;469274;42044
rule-based methods;data science;469275;42044
sentiment analysis;data science;469277;42044
time series forecasting methods;data science;469279;42044
machine learning;data science;469282;42044
model performance evaluation;data science;469283;42044
natural language processing;data science;469285;42044
customer satisfaction;data science;469292;42044
machine learning techniques;data science;469293;42044
time series;data science;469295;42044
statistical modeling;data science;469296;42044
statistics;data science;469297;42044
data science;data science;469298;42044
user engagement;data science;469302;42044
regression methods;data science;469303;42044
online customer reviews;data science;469308;42044
text mining;data science;469309;42044
product categories;data science;469310;42044
customer behavior;data science;469318;42044
market basket analysis;data science;469319;42044
large-scale retail dataset;data science;469320;42044
user behavior;data science;469325;42044
online communities;data science;469326;42044
social network analysis;data science;469327;42044
housing prices;data science;469329;42044
multiple regression analysis;data science;469330;42044
online reviews;data science;469331;42044
nlp;data science;469332;42044
social media;data management;46915;42054
performance evaluation;data management;469253;42054
sentiment analysis;data management;469277;42054
machine learning;data management;469282;42054
anomaly detection;data management;469304;42054
text mining;data management;469309;42054
relational databases;data management;469333;42054
graph databases;data management;469334;42054
nosql databases;data management;469341;42054
query processing;data management;469344;42054
scalability;data management;469347;42054
distributed databases;data management;469348;42054
spatial databases;data management;469365;42054
benchmarking;data management;469368;42054
data modeling;data management;469369;42054
indexing;data management;469370;42054
query response time;data management;469371;42054
data structures;data management;469372;42054
data consistency;data management;469373;42054
concurrency control;data management;469374;42054
fault tolerance;data management;469375;42054
traditional databases;data management;469376;42054
data analytics;data management;469377;42054
database replication;data management;469378;42054
synchronization;data management;469379;42054
graph data;data management;469380;42054
large-scale data processing;data management;469381;42054
distributed computing;data management;469382;42054
graph partitioning;data management;469383;42054
key-value store;data management;469384;42054
web applications;data management;469385;42054
data access;data management;469386;42054
stream processing;data management;469387;42054
real-time data analytics;data management;469388;42054
multi-level indexing;data management;469389;42054
semantic web;data management;469390;42054
spatial data analysis;data management;469391;42054
geographic information systems;data management;469392;42054
data mining;data management;469393;42054
pattern recognition;data management;469394;42054
applications;data management;469395;42054
time-series data;data management;469396;42054
neural networks;data management;469397;42054
decision trees;data management;469398;42054
data integration;data management;469399;42054
heterogeneous data sources;data management;469400;42054
ontology;data management;469401;42054
rdf;data management;469402;42054
apache spark;data management;469403;42054
social media;sociology;46915;42060
mental health;sociology;46917;42060
anxiety;sociology;46918;42060
depression;sociology;46919;42060
social isolation;sociology;469146;42060
big data;sociology;469356;42060
public health;sociology;469443;42060
mental health;gerontology;46917;42032
social support;gerontology;46953;42032
health outcomes;gerontology;469144;42032
older adults;gerontology;469145;42032
social isolation;gerontology;469146;42032
loneliness;gerontology;469147;42032
physical health;gerontology;469148;42032
quality of life;gerontology;469149;42032
mental health;clinical psychology;46917;42037
physical health;clinical psychology;469148;42037
quality of life;clinical psychology;469149;42037
cognitive behavioral;clinical psychology;469180;42037
therapy anxiety disorders;clinical psychology;469181;42037
mechanisms of action;clinical psychology;469182;42037
symptom severity;clinical psychology;469183;42037
mindfulness-based interventions;clinical psychology;469232;42037
stress reduction;clinical psychology;469233;42037
stress-related disorders;clinical psychology;469234;42037
greenhouse;environmental science;46926;4204
gas emissions;environmental science;46927;4204
urban transportation;environmental science;46928;4204
cars;environmental science;46929;4204
buses;environmental science;46930;4204
trains;environmental science;46931;4204
alternative modes policies;environmental science;46932;4204
climate change;environmental science;46933;4204
biodiversity;environmental science;46938;4204
sustainable packaging;environmental science;46958;4204
food delivery;environmental science;46959;4204
services;environmental science;46960;4204
environmental impact;environmental science;46961;4204
usability materials;environmental science;46962;4204
rising temperatures;environmental science;469134;4204
precipitation patterns;environmental science;469135;4204
habitat loss;environmental science;469136;4204
plant and animal populations;environmental science;469137;4204
conservation strategies;environmental science;469138;4204
global food security;environmental science;469225;4204
weather patterns;environmental science;469226;4204
crop yields;environmental science;469227;4204
food availability;environmental science;469228;4204
adaptation strategies;environmental science;469229;4204
mitigation strategies;environmental science;469230;4204
vulnerable populations;environmental science;469231;4204
air quality;environmental science;469255;4204
deep learning;environmental science;469256;4204
air pollution data;environmental science;469257;4204
meteorological data;environmental science;469258;4204
machine learning methods;environmental science;469259;4204
renewable energy sources;environmental science;469280;4204
gis;environmental science;469281;4204
machine learning;environmental science;469282;4204
model performance evaluation;environmental science;469283;4204
big data;environmental science;469356;4204
agriculture;environmental science;469449;4204
food security;environmental science;469450;4204
extreme weather;environmental science;469451;4204
global warming;environmental science;469452;4204
climate change;marine biology;46933;4205
coral reefs;marine biology;46934;4205
warming;marine biology;46935;4205
waters;marine biology;46936;4205
ocean acidification;marine biology;46937;4205
biodiversity;marine biology;46938;4205
ph levels;marine biology;469169;4205
coral calcification;marine biology;469170;4205
coral growth;marine biology;469171;4205
coral survival;marine biology;469172;4205
adaptation management strategies;marine biology;469173;4205
microbes;agriculture;46939;4206
soil;agriculture;46940;4206
health nutrient cycling;agriculture;46941;4206
structure;agriculture;46942;4206
plant growth;agriculture;46943;4206
water filtration;engineering;46944;4207
rural communities;engineering;46945;4207
low-cost;engineering;46946;4207
locally available materials;engineering;46947;4207
simple technology;engineering;46948;4207
social support;addiction studies;46953;4208
substance use;addiction studies;46954;4208
disorders recovery;addiction studies;46955;4208
family support;addiction studies;46956;4208
community support;addiction studies;46957;4208
environmental impact;agricultural science;46961;42035
genome editing;agricultural science;469161;42035
agricultural biotechnology;agricultural science;469162;42035
disease-resistant;agricultural science;469163;42035
crops;agricultural science;469164;42035
nutritional value;agricultural science;469165;42035
genetics;neuroscience;46963;4209
autism;neuroscience;46964;4209
spectrum disorders;neuroscience;46965;4209
genetic markers;neuroscience;46966;4209
diagnosis treatment;neuroscience;46967;4209
alzheimer's disease;neuroscience;469113;4209
sleep memory consolidation;neuroscience;469184;4209
different stages of sleep;neuroscience;469185;4209
memory processing;neuroscience;469186;4209
sleep interventions;neuroscience;469187;4209
memory impairments;neuroscience;469188;4209
brain structure;neuroscience;469217;4209
brain function;neuroscience;469218;4209
genetic variations;neuroscience;469235;4209
genetic risk factors;neuroscience;469236;4209
personalized medicine;neuroscience;469237;4209
prevention treatment;neuroscience;469238;4209
air pollution;public health;46973;42011
human health;public health;46974;42011
particulate matter;public health;46975;42011
ozone;public health;46976;42011
respiratory system;public health;46977;42011
cardiovascular system;public health;46978;42011
economic costs;public health;46979;42011
mechanisms of action;public health;469182;42011
respiratory health;public health;469197;42011
air quality interventions;public health;469198;42011
respiratory diseases;public health;469199;42011
renewable energy;renewable energy engineering;46980;42012
rural electrification;renewable energy engineering;46981;42012
solar power;renewable energy engineering;46982;42012
wind power;renewable energy engineering;46983;42012
hydroelectric power;renewable energy engineering;46984;42012
developing countries;renewable energy engineering;46985;42012
technical feasibility;renewable energy engineering;46986;42012
economic feasibility;renewable energy engineering;46987;42012
renewable energy;energy science;46980;42059
solar power;energy science;46982;42059
wind power;energy science;46983;42059
hydropower;energy science;469441;42059
energy policy;energy science;469442;42059
artificial intelligence;healthcare technology;46988;42013
healthcare diagnosis;healthcare technology;46989;42013
treatment outcomes;healthcare technology;46990;42013
ethical considerations;healthcare technology;46991;42013
artificial intelligence;computer science;46988;42036
cybersecurity;computer science;469174;42036
machine learning algorithms;computer science;469175;42036
threat detection;computer science;469176;42036
threat response;computer science;469177;42036
implementation challenges;computer science;469178;42036
security systems;computer science;469179;42036
sentiment analysis;computer science;469277;42036
natural language processing;computer science;469285;42036
big data;computer science;469356;42036
quantum computing;computer science;469425;42036
cryptography;computer science;469426;42036
quantum key distribution;computer science;469427;42036
quantum entanglement;computer science;469428;42036
information security;computer science;469429;42036
machine translation;computer science;469447;42036
speech recognition;computer science;469448;42036
artificial intelligence;ethics;46988;42062
big data;ethics;469356;42062
ethics;ethics;469438;42062
bias;ethics;469453;42062
accountability;ethics;469454;42062
transparency;ethics;469455;42062
sleep deprivation;sleep science;46992;42014
cognitive performance;sleep science;46993;42014
attention memory;sleep science;46994;42014
decision-making;sleep science;46995;42014
long-term consequences;sleep science;46996;42014
cognitive performance;aging studies;46993;42041
physical activity;aging studies;46997;42041
cognitive functioning;aging studies;469215;42041
older adults exercise;aging studies;469216;42041
brain structure;aging studies;469217;42041
brain function;aging studies;469218;42041
physical activity interventions;aging studies;469219;42041
aging populations;aging studies;469220;42041
mobile app;digital health;469100;42016
remote patient monitoring;digital health;469101;42016
features functionalities;digital health;469102;42016
patient outcomes;digital health;469103;42016
healthcare costs;digital health;469104;42016
microbiota;gastroenterology;469111;42018
alzheimer's disease;neurology;469113;42019
osteoarthritis;orthopedics;469115;42021
telemedicine;remote monitoring;469116;42022
telemedicine;chronic disease management;469116;42025
yoga;chronic pain;469117;42023
mindfulness;chronic pain;469120;42023
vitamin d;endocrinology;469118;42024
copd;respiratory medicine;469119;42026
genetic testing;personalized medicine;469121;42027
augmented reality;medical education;469123;42028
gut microbiota;microbiology;469124;42029
autoimmune diseases;microbiology;469125;42029
microbial dysbiosis disease;microbiology;469126;42029
pathogenesis;microbiology;469127;42029
microbiome-targeted therapies;microbiology;469128;42029
gut microbiota;biology;469124;42057
big data;biology;469356;42057
microbiome;biology;469431;42057
probiotics;biology;469432;42057
prebiotics;biology;469433;42057
health;biology;469434;42057
disease;biology;469435;42057
online education;education technology;469129;42030
academic achievement;education technology;469130;42030
student engagement;education technology;469131;42030
teacher workload;education technology;469132;42030
educational inequality;education technology;469133;42030
academic achievement;education;469130;42043
early childhood education;education;469242;42043
cognitive benefits;education;469243;42043
social benefits;education;469244;42043
ece interventions;education;469245;42043
achievement gaps;education;469246;42043
disadvantaged populations;education;469247;42043
predictive model;finance;469139;42031
credit risk assessment;finance;469140;42031
model training;finance;469141;42031
loan approval;finance;469142;42031
accuracy default rates;finance;469143;42031
machine learning approach;finance;469272;42031
performance comparison;finance;469274;42031
rule-based methods;finance;469275;42031
stock prices;finance;469276;42031
sentiment analysis;finance;469277;42031
financial news data;finance;469278;42031
time series forecasting methods;finance;469279;42031
anomaly detection;finance;469304;42031
credit card transactions;finance;469328;42031
blockchain;business technology;469150;42033
supply chain;business technology;469151;42033
management transparency;business technology;469152;42033
security efficiency implementation;business technology;469153;42033
blockchain;database systems;469150;42052
recommender systems;database systems;469261;42052
machine learning;database systems;469282;42052
anomaly detection;database systems;469304;42052
survey;database systems;469311;42052
relational databases;database systems;469333;42052
graph databases;database systems;469334;42052
comparative study;database systems;469335;42052
distributed database;database systems;469336;42052
in-memory database;database systems;469337;42052
real-time data processing;database systems;469338;42052
network data;database systems;469339;42052
probabilistic graphical models;database systems;469340;42052
nosql databases;database systems;469341;42052
big data analytics;database systems;469342;42052
parallel databases;database systems;469343;42052
query processing;database systems;469344;42052
performance optimization;database systems;469345;42052
internet of things;database systems;469346;42052
scalability;database systems;469347;42052
distributed databases;database systems;469348;42052
framework;database systems;469349;42052
hadoop;database systems;469350;42052
query optimization;database systems;469351;42052
graph model;database systems;469352;42052
collaborative filtering;database systems;469353;42052
sql;database systems;469354;42052
nosql;database systems;469355;42052
big data;database systems;469356;42052
data warehouses;database systems;469357;42052
cloud databases;database systems;469358;42052
data partitioning;database systems;469359;42052
document-oriented databases;database systems;469360;42052
entity resolution;database systems;469361;42052
mobile applications;database systems;469362;42052
object-oriented databases;database systems;469363;42052
data management;database systems;469364;42052
spatial databases;database systems;469365;42052
cloud infrastructure;database systems;469366;42052
database;database systems;469367;42052
culture;cross-cultural studies;469154;42034
cross-cultural communication;cross-cultural studies;469155;42034
international business;cross-cultural studies;469156;42034
cultural dimensions;cross-cultural studies;469157;42034
communication styles;cross-cultural studies;469158;42034
communication strategies;cross-cultural studies;469159;42034
cultural intelligence training;cross-cultural studies;469160;42034
genome editing;medical science;469161;42061
crispr-cas9;medical science;469437;42061
gene therapy;medical science;469444;42061
genetic disorders;medical science;469445;42061
drug delivery;medical science;469446;42061
cybersecurity;cybersecurity;469174;42049
performance evaluation;cybersecurity;469253;42049
dataset;cybersecurity;469254;42049
machine learning;cybersecurity;469282;42049
cyberattacks detection;cybersecurity;469294;42049
advertising;marketing;469189;42038
consumer behavior;marketing;469190;42038
advertising strategies;marketing;469191;42038
consumer attitudes;marketing;469192;42038
consumer perceptions;marketing;469193;42038
purchase intentions;marketing;469194;42038
advertising regulation;marketing;469195;42038
vulnerable consumers;marketing;469196;42038
micrornas cancer;cancer research;469200;42039
progression mirna;cancer research;469201;42039
dysregulation cell;cancer research;469202;42039
proliferation invasion;cancer research;469203;42039
metastasis;cancer research;469204;42039
mirna-based therapies;cancer research;469205;42039
cancer treatment;cancer research;469206;42039
corporate social responsibility;business management;469207;42040
business performance;business management;469208;42040
csr activities;business management;469209;42040
financial performance;business management;469210;42040
employee satisfaction;business management;469211;42040
customer loyalty;business management;469212;42040
brand reputation;business management;469213;42040
long-term sustainability;business management;469214;42040
3d printing architecture;architecture;469221;42042
additive manufacturing;architecture;469222;42042
building construction;architecture;469223;42042
construction processes;architecture;469224;42042
clustering algorithms;computer vision;469251;42045
image segmentation;computer vision;469252;42045
performance evaluation;computer vision;469253;42045
dataset;computer vision;469254;42045
performance comparison;computer vision;469274;42045
object detection;computer vision;469288;42045
satellite images;computer vision;469289;42045
deep learning approach;computer vision;469290;42045
computer vision methods;computer vision;469291;42045
deep learning architectures;computer vision;469316;42045
image classification;computer vision;469317;42045
performance evaluation;healthcare;469253;42048
dataset;healthcare;469254;42048
electronic health records;healthcare;469284;42048
natural language processing;healthcare;469285;42048
relevant information extraction;healthcare;469286;42048
clinical dataset;healthcare;469287;42048
classification algorithms;healthcare;469299;42048
medical diagnosis;healthcare;469300;42048
large-scale medical dataset;healthcare;469301;42048
disease outbreaks;healthcare;469314;42048
social media data;healthcare;469315;42048
performance evaluation;data engineering;469253;42053
social network analysis;data engineering;469327;42053
graph databases;data engineering;469334;42053
benchmarking;data engineering;469368;42053
data modeling;data engineering;469369;42053
performance evaluation;data modeling;469253;42055
deep learning;data modeling;469256;42055
user preferences;data modeling;469263;42055
time series data;data modeling;469305;42055
survey;data modeling;469311;42055
graph databases;data modeling;469334;42055
nosql databases;data modeling;469341;42055
spatial databases;data modeling;469365;42055
data modeling;data modeling;469369;42055
indexing;data modeling;469370;42055
recommendation systems;data modeling;469404;42055
real-time analytics;data modeling;469405;42055
dynamic modeling;data modeling;469406;42055
data distribution;data modeling;469407;42055
high-dimensional data;data modeling;469408;42055
product quantization;data modeling;469409;42055
stream data management;data modeling;469413;42055
adaptive techniques;data modeling;469414;42055
multi-dimensional data;data modeling;469415;42055
efficiency;data modeling;469416;42055
big data management;data modeling;469419;42055
hierarchical indexing;data modeling;469420;42055
tree structure;data modeling;469421;42055
data indexing;data modeling;469422;42055
temporal data streams;data modeling;469423;42055
performance evaluation;indexing;469253;42056
similarity search;indexing;469410;42056
hashing;indexing;469411;42056
large databases;indexing;469412;42056
text search;indexing;469417;42056
inverted index;indexing;469418;42056
text analytics;indexing;469424;42056
bayesian approach;machine learning;469260;42046
recommender systems;machine learning;469261;42046
uncertainty;machine learning;469262;42046
user preferences;machine learning;469263;42046
recommendation accuracy;machine learning;469264;42046
user-item interactions;machine learning;469265;42046
latent variables;machine learning;469266;42046
deep reinforcement learning algorithms;artificial intelligence;469267;42047
continuous control tasks;artificial intelligence;469268;42047
performance analysis;artificial intelligence;469269;42047
traditional reinforcement learning methods;artificial intelligence;469270;42047
machine learning approach;artificial intelligence;469272;42047
performance comparison;artificial intelligence;469274;42047
rule-based methods;artificial intelligence;469275;42047
anomaly detection;artificial intelligence;469304;42047
time series data;artificial intelligence;469305;42047
recurrent neural networks;artificial intelligence;469306;42047
statistical methods;artificial intelligence;469307;42047
fault diagnosis;artificial intelligence;469321;42047
industrial processes;artificial intelligence;469322;42047
performance comparison;bioinformatics;469274;42051
deep learning approach;bioinformatics;469290;42051
protein structure prediction;bioinformatics;469323;42051
computational methods;bioinformatics;469324;42051
machine learning;data analytics;469282;42068
big data analytics;data analytics;469342;42068
big data;data analytics;469356;42068
data mining;data analytics;469393;42068
real-time analytics;data analytics;469405;42068
data processing;data analytics;469460;42068
data storage;data analytics;469464;42068
streaming data;data analytics;469467;42068
natural language processing;natural language processing;469285;42050
machine learning techniques;natural language processing;469293;42050
survey;natural language processing;469311;42050
comparison;natural language processing;469312;42050
strengths and weaknesses;natural language processing;469313;42050
natural language processing;data querying;469285;42064
data science;data querying;469298;42064
nlp;data querying;469332;42064
data querying;data querying;469459;42064
data processing;data querying;469460;42064
big data analytics;business analytics;469342;42065
business intelligence;business analytics;469461;42065
data analysis;business analytics;469462;42065
data visualization;business analytics;469463;42065
query processing;data processing;469344;42063
performance optimization;data processing;469345;42063
scalability;data processing;469347;42063
hadoop;data processing;469350;42063
big data;data processing;469356;42063
distributed systems;data processing;469456;42063
in-memory technology;data processing;469457;42063
cloud computing;data processing;469458;42063
big data processing;data processing;469466;42063
parallel computing;data processing;469475;42063
big data;cloud computing;469356;42066
data management;cloud computing;469364;42066
cloud computing;cloud computing;469458;42066
data processing;cloud computing;469460;42066
data storage;cloud computing;469464;42066
big data;data storage;469356;42067
data management;data storage;469364;42067
data processing;data storage;469460;42067
data storage;data storage;469464;42067
storage technologies;data storage;469465;42067
big data;healthcare analytics;469356;42071
data management;healthcare analytics;469364;42071
data analysis;healthcare analytics;469462;42071
healthcare;healthcare analytics;469476;42071
data management;data integration;469364;42072
data processing;data integration;469460;42072
big data integration;data integration;469477;42072
etl;data integration;469478;42072
gene editing;bioethics;469436;42058
crispr-cas9;bioethics;469437;42058
ethics;bioethics;469438;42058
genetic engineering;bioethics;469439;42058
human genome;bioethics;469440;42058
data analysis;data visualization;469462;42070
big data visualization;data visualization;469472;42070
information visualization;data visualization;469473;42070
data representation;data visualization;469474;42070
big data security;data security;469468;42069
privacy;data security;469469;42069
data protection;data security;469470;42069
data breaches;data security;469471;42069
