paper_id;reviewer_id;decision;text
1;9742915;1;This is placeholder text for each review...
1;9742919;0;This is placeholder text for each review...
1;9742911;0;This is placeholder text for each review...
1;9742907;1;This is placeholder text for each review...
1;9742929;0;This is placeholder text for each review...
1;9742926;1;This is placeholder text for each review...
1;9742914;1;This is placeholder text for each review...
2;9742926;1;This is placeholder text for each review...
2;9742908;0;This is placeholder text for each review...
2;9742921;1;This is placeholder text for each review...
2;9742920;1;This is placeholder text for each review...
2;9742911;1;This is placeholder text for each review...
3;9742929;0;This is placeholder text for each review...
3;9742926;1;This is placeholder text for each review...
3;9742916;0;This is placeholder text for each review...
3;9742921;1;This is placeholder text for each review...
3;9742907;1;This is placeholder text for each review...
3;9742908;0;This is placeholder text for each review...
3;9742925;1;This is placeholder text for each review...
4;9742921;0;This is placeholder text for each review...
4;9742929;0;This is placeholder text for each review...
4;9742907;1;This is placeholder text for each review...
4;9742928;0;This is placeholder text for each review...
4;9742913;0;This is placeholder text for each review...
5;9742922;1;This is placeholder text for each review...
5;9742920;1;This is placeholder text for each review...
5;9742912;1;This is placeholder text for each review...
5;9742907;0;This is placeholder text for each review...
5;9742919;0;This is placeholder text for each review...
5;9742918;1;This is placeholder text for each review...
6;9742914;1;This is placeholder text for each review...
6;9742919;0;This is placeholder text for each review...
6;9742923;0;This is placeholder text for each review...
6;9742912;1;This is placeholder text for each review...
6;9742924;1;This is placeholder text for each review...
6;9742908;1;This is placeholder text for each review...
6;9742922;0;This is placeholder text for each review...
7;9742915;1;This is placeholder text for each review...
7;9742921;1;This is placeholder text for each review...
7;9742922;0;This is placeholder text for each review...
7;9742924;1;This is placeholder text for each review...
7;9742907;0;This is placeholder text for each review...
7;9742919;0;This is placeholder text for each review...
7;9742926;1;This is placeholder text for each review...
8;9742917;0;This is placeholder text for each review...
8;9742911;1;This is placeholder text for each review...
8;9742913;0;This is placeholder text for each review...
8;9742925;1;This is placeholder text for each review...
8;9742922;0;This is placeholder text for each review...
8;9742919;1;This is placeholder text for each review...
9;9742928;0;This is placeholder text for each review...
9;9742926;0;This is placeholder text for each review...
9;9742923;0;This is placeholder text for each review...
9;9742924;1;This is placeholder text for each review...
9;9742913;0;This is placeholder text for each review...
9;9742909;0;This is placeholder text for each review...
9;9742917;1;This is placeholder text for each review...
10;9742909;1;This is placeholder text for each review...
10;9742908;0;This is placeholder text for each review...
10;9742920;1;This is placeholder text for each review...
10;9742921;1;This is placeholder text for each review...
10;9742926;0;This is placeholder text for each review...
10;9742914;1;This is placeholder text for each review...
11;9742920;1;This is placeholder text for each review...
11;9742918;0;This is placeholder text for each review...
11;9742913;1;This is placeholder text for each review...
11;9742923;0;This is placeholder text for each review...
11;9742929;0;This is placeholder text for each review...
11;9742922;1;This is placeholder text for each review...
12;9742923;0;This is placeholder text for each review...
12;9742912;1;This is placeholder text for each review...
12;9742918;1;This is placeholder text for each review...
12;9742924;0;This is placeholder text for each review...
12;9742913;1;This is placeholder text for each review...
12;9742917;1;This is placeholder text for each review...
12;9742911;1;This is placeholder text for each review...
13;9742920;0;This is placeholder text for each review...
13;9742922;0;This is placeholder text for each review...
13;9742921;0;This is placeholder text for each review...
13;9742912;1;This is placeholder text for each review...
13;9742924;0;This is placeholder text for each review...
13;9742928;0;This is placeholder text for each review...
14;9742916;0;This is placeholder text for each review...
14;9742926;1;This is placeholder text for each review...
14;9742919;0;This is placeholder text for each review...
14;9742924;1;This is placeholder text for each review...
14;9742914;0;This is placeholder text for each review...
14;9742921;0;This is placeholder text for each review...
14;9742912;0;This is placeholder text for each review...
15;9742917;0;This is placeholder text for each review...
15;9742922;1;This is placeholder text for each review...
15;9742925;0;This is placeholder text for each review...
15;9742912;0;This is placeholder text for each review...
15;9742921;1;This is placeholder text for each review...
15;9742926;1;This is placeholder text for each review...
15;9742913;1;This is placeholder text for each review...
16;9742919;0;This is placeholder text for each review...
16;9742928;0;This is placeholder text for each review...
16;9742910;1;This is placeholder text for each review...
16;9742914;0;This is placeholder text for each review...
16;9742925;1;This is placeholder text for each review...
16;9742920;1;This is placeholder text for each review...
16;9742929;0;This is placeholder text for each review...
17;9742918;0;This is placeholder text for each review...
17;9742922;0;This is placeholder text for each review...
17;9742921;1;This is placeholder text for each review...
17;9742927;1;This is placeholder text for each review...
17;9742923;0;This is placeholder text for each review...
17;9742928;1;This is placeholder text for each review...
17;9742915;0;This is placeholder text for each review...
18;9742918;1;This is placeholder text for each review...
18;9742917;0;This is placeholder text for each review...
18;9742910;0;This is placeholder text for each review...
18;9742926;0;This is placeholder text for each review...
18;9742921;0;This is placeholder text for each review...
18;9742923;1;This is placeholder text for each review...
18;9742924;1;This is placeholder text for each review...
19;9742910;1;This is placeholder text for each review...
19;9742913;0;This is placeholder text for each review...
19;9742921;1;This is placeholder text for each review...
19;9742911;0;This is placeholder text for each review...
19;9742917;1;This is placeholder text for each review...
19;9742920;1;This is placeholder text for each review...
19;9742928;1;This is placeholder text for each review...
20;9742928;1;This is placeholder text for each review...
20;9742927;1;This is placeholder text for each review...
20;9742914;0;This is placeholder text for each review...
20;9742921;0;This is placeholder text for each review...
20;9742912;0;This is placeholder text for each review...
21;9742918;1;This is placeholder text for each review...
21;9742924;0;This is placeholder text for each review...
21;9742917;0;This is placeholder text for each review...
21;9742928;0;This is placeholder text for each review...
21;9742907;1;This is placeholder text for each review...
21;9742923;1;This is placeholder text for each review...
21;9742916;0;This is placeholder text for each review...
22;9742913;1;This is placeholder text for each review...
22;9742929;0;This is placeholder text for each review...
22;9742923;0;This is placeholder text for each review...
22;9742919;0;This is placeholder text for each review...
22;9742918;1;This is placeholder text for each review...
22;9742924;1;This is placeholder text for each review...
22;9742921;1;This is placeholder text for each review...
23;9742907;0;This is placeholder text for each review...
23;9742924;0;This is placeholder text for each review...
23;9742922;0;This is placeholder text for each review...
23;9742915;0;This is placeholder text for each review...
23;9742916;1;This is placeholder text for each review...
23;9742914;0;This is placeholder text for each review...
23;9742910;0;This is placeholder text for each review...
24;9742926;0;This is placeholder text for each review...
24;9742928;0;This is placeholder text for each review...
24;9742914;0;This is placeholder text for each review...
24;9742925;1;This is placeholder text for each review...
24;9742913;1;This is placeholder text for each review...
24;9742919;0;This is placeholder text for each review...
24;9742921;0;This is placeholder text for each review...
25;9742915;1;This is placeholder text for each review...
25;9742910;1;This is placeholder text for each review...
25;9742918;1;This is placeholder text for each review...
25;9742923;0;This is placeholder text for each review...
25;9742908;0;This is placeholder text for each review...
25;9742928;0;This is placeholder text for each review...
25;9742912;0;This is placeholder text for each review...
26;9742917;0;This is placeholder text for each review...
26;9742907;1;This is placeholder text for each review...
26;9742908;1;This is placeholder text for each review...
26;9742921;1;This is placeholder text for each review...
26;9742920;1;This is placeholder text for each review...
26;9742911;0;This is placeholder text for each review...
26;9742915;1;This is placeholder text for each review...
27;9742923;1;This is placeholder text for each review...
27;9742929;0;This is placeholder text for each review...
27;9742921;1;This is placeholder text for each review...
27;9742915;0;This is placeholder text for each review...
27;9742909;0;This is placeholder text for each review...
27;9742927;0;This is placeholder text for each review...
27;9742910;1;This is placeholder text for each review...
28;9742911;1;This is placeholder text for each review...
28;9742928;0;This is placeholder text for each review...
28;9742915;1;This is placeholder text for each review...
28;9742909;1;This is placeholder text for each review...
28;9742910;0;This is placeholder text for each review...
29;9742928;1;This is placeholder text for each review...
29;9742917;1;This is placeholder text for each review...
29;9742929;1;This is placeholder text for each review...
29;9742922;1;This is placeholder text for each review...
29;9742913;0;This is placeholder text for each review...
29;9742907;1;This is placeholder text for each review...
29;9742920;0;This is placeholder text for each review...
30;9742910;0;This is placeholder text for each review...
30;9742924;0;This is placeholder text for each review...
30;9742929;1;This is placeholder text for each review...
30;9742920;0;This is placeholder text for each review...
30;9742928;0;This is placeholder text for each review...
30;9742917;1;This is placeholder text for each review...
30;9742908;1;This is placeholder text for each review...
31;9742929;1;This is placeholder text for each review...
31;9742915;1;This is placeholder text for each review...
31;9742909;1;This is placeholder text for each review...
31;9742912;1;This is placeholder text for each review...
31;9742920;1;This is placeholder text for each review...
31;9742910;1;This is placeholder text for each review...
31;9742922;0;This is placeholder text for each review...
32;9742908;0;This is placeholder text for each review...
32;9742922;1;This is placeholder text for each review...
32;9742911;0;This is placeholder text for each review...
32;9742907;0;This is placeholder text for each review...
32;9742909;0;This is placeholder text for each review...
32;9742923;1;This is placeholder text for each review...
32;9742912;0;This is placeholder text for each review...
33;9742916;0;This is placeholder text for each review...
33;9742913;1;This is placeholder text for each review...
33;9742909;1;This is placeholder text for each review...
33;9742917;1;This is placeholder text for each review...
33;9742910;1;This is placeholder text for each review...
33;9742907;1;This is placeholder text for each review...
33;9742918;1;This is placeholder text for each review...
34;9742914;1;This is placeholder text for each review...
34;9742913;1;This is placeholder text for each review...
34;9742911;1;This is placeholder text for each review...
34;9742917;0;This is placeholder text for each review...
34;9742909;0;This is placeholder text for each review...
34;9742918;1;This is placeholder text for each review...
34;9742926;1;This is placeholder text for each review...
35;9742922;0;This is placeholder text for each review...
35;9742920;0;This is placeholder text for each review...
35;9742916;0;This is placeholder text for each review...
35;9742914;0;This is placeholder text for each review...
35;9742909;1;This is placeholder text for each review...
35;9742907;0;This is placeholder text for each review...
35;9742911;0;This is placeholder text for each review...
36;9742914;1;This is placeholder text for each review...
36;9742924;1;This is placeholder text for each review...
36;9742909;0;This is placeholder text for each review...
36;9742912;1;This is placeholder text for each review...
36;9742919;0;This is placeholder text for each review...
36;9742913;0;This is placeholder text for each review...
36;9742925;1;This is placeholder text for each review...
37;9742912;0;This is placeholder text for each review...
37;9742918;0;This is placeholder text for each review...
37;9742917;0;This is placeholder text for each review...
37;9742925;1;This is placeholder text for each review...
37;9742911;0;This is placeholder text for each review...
37;9742915;1;This is placeholder text for each review...
37;9742920;1;This is placeholder text for each review...
38;9742921;1;This is placeholder text for each review...
38;9742910;1;This is placeholder text for each review...
38;9742908;1;This is placeholder text for each review...
38;9742929;1;This is placeholder text for each review...
38;9742917;1;This is placeholder text for each review...
38;9742911;1;This is placeholder text for each review...
38;9742924;1;This is placeholder text for each review...
39;9742921;0;This is placeholder text for each review...
39;9742908;0;This is placeholder text for each review...
39;9742916;0;This is placeholder text for each review...
39;9742910;1;This is placeholder text for each review...
39;9742914;0;This is placeholder text for each review...
39;9742922;1;This is placeholder text for each review...
39;9742924;1;This is placeholder text for each review...
40;9742910;0;This is placeholder text for each review...
40;9742911;0;This is placeholder text for each review...
40;9742929;1;This is placeholder text for each review...
40;9742907;0;This is placeholder text for each review...
40;9742915;1;This is placeholder text for each review...
41;9742910;1;This is placeholder text for each review...
41;9742920;1;This is placeholder text for each review...
41;9742914;1;This is placeholder text for each review...
41;9742919;0;This is placeholder text for each review...
41;9742908;0;This is placeholder text for each review...
41;9742927;0;This is placeholder text for each review...
41;9742928;0;This is placeholder text for each review...
42;9742928;0;This is placeholder text for each review...
42;9742912;0;This is placeholder text for each review...
42;9742919;1;This is placeholder text for each review...
42;9742929;0;This is placeholder text for each review...
42;9742915;1;This is placeholder text for each review...
42;9742925;0;This is placeholder text for each review...
42;9742911;1;This is placeholder text for each review...
43;9742916;0;This is placeholder text for each review...
43;9742926;1;This is placeholder text for each review...
43;9742925;0;This is placeholder text for each review...
43;9742919;0;This is placeholder text for each review...
43;9742907;0;This is placeholder text for each review...
43;9742917;1;This is placeholder text for each review...
43;9742921;1;This is placeholder text for each review...
44;9742910;1;This is placeholder text for each review...
44;9742911;0;This is placeholder text for each review...
44;9742920;1;This is placeholder text for each review...
44;9742915;0;This is placeholder text for each review...
44;9742923;0;This is placeholder text for each review...
44;9742907;0;This is placeholder text for each review...
44;9742928;0;This is placeholder text for each review...
45;9742907;1;This is placeholder text for each review...
45;9742922;0;This is placeholder text for each review...
45;9742912;0;This is placeholder text for each review...
45;9742924;1;This is placeholder text for each review...
45;9742914;1;This is placeholder text for each review...
45;9742929;0;This is placeholder text for each review...
45;9742908;0;This is placeholder text for each review...
46;9742909;1;This is placeholder text for each review...
46;9742922;1;This is placeholder text for each review...
46;9742907;0;This is placeholder text for each review...
46;9742910;0;This is placeholder text for each review...
46;9742916;0;This is placeholder text for each review...
46;9742928;0;This is placeholder text for each review...
46;9742913;0;This is placeholder text for each review...
47;9742910;0;This is placeholder text for each review...
47;9742923;0;This is placeholder text for each review...
47;9742925;1;This is placeholder text for each review...
47;9742921;1;This is placeholder text for each review...
47;9742924;0;This is placeholder text for each review...
47;9742909;0;This is placeholder text for each review...
47;9742917;1;This is placeholder text for each review...
48;9742908;1;This is placeholder text for each review...
48;9742907;1;This is placeholder text for each review...
48;9742912;0;This is placeholder text for each review...
48;9742923;0;This is placeholder text for each review...
48;9742914;0;This is placeholder text for each review...
49;9742926;0;This is placeholder text for each review...
49;9742919;1;This is placeholder text for each review...
49;9742909;0;This is placeholder text for each review...
49;9742925;1;This is placeholder text for each review...
49;9742911;0;This is placeholder text for each review...
49;9742914;1;This is placeholder text for each review...
49;9742913;0;This is placeholder text for each review...
50;9742914;0;This is placeholder text for each review...
50;9742908;1;This is placeholder text for each review...
50;9742922;0;This is placeholder text for each review...
50;9742909;0;This is placeholder text for each review...
50;9742916;0;This is placeholder text for each review...
50;9742920;0;This is placeholder text for each review...
50;9742923;0;This is placeholder text for each review...
51;9742924;0;This is placeholder text for each review...
51;9742922;1;This is placeholder text for each review...
51;9742927;1;This is placeholder text for each review...
51;9742929;0;This is placeholder text for each review...
51;9742916;1;This is placeholder text for each review...
51;9742913;0;This is placeholder text for each review...
51;9742908;1;This is placeholder text for each review...
52;9742924;0;This is placeholder text for each review...
52;9742913;1;This is placeholder text for each review...
52;9742928;0;This is placeholder text for each review...
52;9742921;1;This is placeholder text for each review...
52;9742911;1;This is placeholder text for each review...
52;9742919;0;This is placeholder text for each review...
52;9742914;0;This is placeholder text for each review...
53;9742918;1;This is placeholder text for each review...
53;9742920;0;This is placeholder text for each review...
53;9742929;0;This is placeholder text for each review...
53;9742907;0;This is placeholder text for each review...
53;9742925;1;This is placeholder text for each review...
53;9742917;1;This is placeholder text for each review...
53;9742924;1;This is placeholder text for each review...
54;9742926;0;This is placeholder text for each review...
54;9742913;1;This is placeholder text for each review...
54;9742922;0;This is placeholder text for each review...
54;9742927;0;This is placeholder text for each review...
54;9742928;0;This is placeholder text for each review...
54;9742907;1;This is placeholder text for each review...
54;9742920;0;This is placeholder text for each review...
55;9742914;1;This is placeholder text for each review...
55;9742913;0;This is placeholder text for each review...
55;9742909;1;This is placeholder text for each review...
55;9742908;1;This is placeholder text for each review...
55;9742907;1;This is placeholder text for each review...
55;9742928;1;This is placeholder text for each review...
55;9742916;0;This is placeholder text for each review...
56;9742907;0;This is placeholder text for each review...
56;9742924;1;This is placeholder text for each review...
56;9742908;0;This is placeholder text for each review...
56;9742913;0;This is placeholder text for each review...
56;9742923;1;This is placeholder text for each review...
56;9742919;1;This is placeholder text for each review...
56;9742910;0;This is placeholder text for each review...
57;9742927;0;This is placeholder text for each review...
57;9742910;0;This is placeholder text for each review...
57;9742915;0;This is placeholder text for each review...
57;9742907;0;This is placeholder text for each review...
57;9742922;1;This is placeholder text for each review...
57;9742918;1;This is placeholder text for each review...
57;9742914;1;This is placeholder text for each review...
58;9742914;1;This is placeholder text for each review...
58;9742921;0;This is placeholder text for each review...
58;9742918;0;This is placeholder text for each review...
58;9742928;0;This is placeholder text for each review...
58;9742912;1;This is placeholder text for each review...
58;9742922;0;This is placeholder text for each review...
58;9742925;1;This is placeholder text for each review...
59;9742910;1;This is placeholder text for each review...
59;9742927;0;This is placeholder text for each review...
59;9742922;1;This is placeholder text for each review...
59;9742911;0;This is placeholder text for each review...
59;9742923;0;This is placeholder text for each review...
60;9742925;0;This is placeholder text for each review...
60;9742927;0;This is placeholder text for each review...
60;9742910;0;This is placeholder text for each review...
60;9742919;1;This is placeholder text for each review...
60;9742917;1;This is placeholder text for each review...
60;9742913;1;This is placeholder text for each review...
60;9742922;0;This is placeholder text for each review...
61;9742929;0;This is placeholder text for each review...
61;9742924;0;This is placeholder text for each review...
61;9742908;1;This is placeholder text for each review...
61;9742913;1;This is placeholder text for each review...
61;9742914;1;This is placeholder text for each review...
61;9742907;1;This is placeholder text for each review...
61;9742909;1;This is placeholder text for each review...
62;9742920;0;This is placeholder text for each review...
62;9742912;1;This is placeholder text for each review...
62;9742915;1;This is placeholder text for each review...
62;9742927;1;This is placeholder text for each review...
62;9742914;1;This is placeholder text for each review...
62;9742928;0;This is placeholder text for each review...
62;9742921;1;This is placeholder text for each review...
63;9742916;0;This is placeholder text for each review...
63;9742921;1;This is placeholder text for each review...
63;9742915;0;This is placeholder text for each review...
63;9742929;0;This is placeholder text for each review...
63;9742909;0;This is placeholder text for each review...
63;9742922;0;This is placeholder text for each review...
63;9742908;1;This is placeholder text for each review...
64;9742908;1;This is placeholder text for each review...
64;9742909;0;This is placeholder text for each review...
64;9742924;0;This is placeholder text for each review...
64;9742914;0;This is placeholder text for each review...
64;9742920;1;This is placeholder text for each review...
64;9742915;0;This is placeholder text for each review...
64;9742919;0;This is placeholder text for each review...
65;9742920;1;This is placeholder text for each review...
65;9742925;0;This is placeholder text for each review...
65;9742916;1;This is placeholder text for each review...
65;9742929;0;This is placeholder text for each review...
65;9742921;0;This is placeholder text for each review...
66;9742915;0;This is placeholder text for each review...
66;9742928;0;This is placeholder text for each review...
66;9742909;1;This is placeholder text for each review...
66;9742926;1;This is placeholder text for each review...
66;9742913;0;This is placeholder text for each review...
66;9742914;1;This is placeholder text for each review...
66;9742929;0;This is placeholder text for each review...
67;9742928;0;This is placeholder text for each review...
67;9742918;1;This is placeholder text for each review...
67;9742909;1;This is placeholder text for each review...
67;9742912;1;This is placeholder text for each review...
67;9742919;0;This is placeholder text for each review...
67;9742908;1;This is placeholder text for each review...
67;9742922;1;This is placeholder text for each review...
68;9742910;0;This is placeholder text for each review...
68;9742922;1;This is placeholder text for each review...
68;9742924;0;This is placeholder text for each review...
68;9742911;0;This is placeholder text for each review...
68;9742919;1;This is placeholder text for each review...
68;9742921;0;This is placeholder text for each review...
68;9742929;1;This is placeholder text for each review...
69;9742909;1;This is placeholder text for each review...
69;9742914;1;This is placeholder text for each review...
69;9742928;0;This is placeholder text for each review...
69;9742916;1;This is placeholder text for each review...
69;9742922;1;This is placeholder text for each review...
69;9742924;1;This is placeholder text for each review...
70;9742923;1;This is placeholder text for each review...
70;9742909;1;This is placeholder text for each review...
70;9742925;0;This is placeholder text for each review...
70;9742926;1;This is placeholder text for each review...
70;9742920;1;This is placeholder text for each review...
70;9742915;0;This is placeholder text for each review...
70;9742911;0;This is placeholder text for each review...
71;9742918;1;This is placeholder text for each review...
71;9742922;0;This is placeholder text for each review...
71;9742920;1;This is placeholder text for each review...
71;9742929;0;This is placeholder text for each review...
71;9742913;0;This is placeholder text for each review...
71;9742921;1;This is placeholder text for each review...
71;9742911;1;This is placeholder text for each review...
72;9742909;0;This is placeholder text for each review...
72;9742914;1;This is placeholder text for each review...
72;9742915;0;This is placeholder text for each review...
72;9742922;1;This is placeholder text for each review...
72;9742918;1;This is placeholder text for each review...
72;9742908;0;This is placeholder text for each review...
72;9742924;1;This is placeholder text for each review...
73;9742913;1;This is placeholder text for each review...
73;9742920;0;This is placeholder text for each review...
73;9742909;1;This is placeholder text for each review...
73;9742914;1;This is placeholder text for each review...
73;9742908;0;This is placeholder text for each review...
73;9742911;1;This is placeholder text for each review...
73;9742916;1;This is placeholder text for each review...
74;9742910;1;This is placeholder text for each review...
74;9742922;0;This is placeholder text for each review...
74;9742919;0;This is placeholder text for each review...
74;9742929;0;This is placeholder text for each review...
74;9742921;1;This is placeholder text for each review...
74;9742916;0;This is placeholder text for each review...
75;9742927;1;This is placeholder text for each review...
75;9742929;0;This is placeholder text for each review...
75;9742917;1;This is placeholder text for each review...
75;9742924;1;This is placeholder text for each review...
75;9742907;1;This is placeholder text for each review...
75;9742926;1;This is placeholder text for each review...
76;9742914;0;This is placeholder text for each review...
76;9742908;1;This is placeholder text for each review...
76;9742926;1;This is placeholder text for each review...
76;9742929;1;This is placeholder text for each review...
76;9742918;0;This is placeholder text for each review...
76;9742916;0;This is placeholder text for each review...
76;9742915;0;This is placeholder text for each review...
77;9742911;1;This is placeholder text for each review...
77;9742907;1;This is placeholder text for each review...
77;9742915;1;This is placeholder text for each review...
77;9742929;0;This is placeholder text for each review...
77;9742923;1;This is placeholder text for each review...
77;9742916;0;This is placeholder text for each review...
77;9742919;1;This is placeholder text for each review...
78;9742924;1;This is placeholder text for each review...
78;9742912;1;This is placeholder text for each review...
78;9742919;1;This is placeholder text for each review...
78;9742909;1;This is placeholder text for each review...
78;9742925;1;This is placeholder text for each review...
78;9742910;0;This is placeholder text for each review...
78;9742917;0;This is placeholder text for each review...
79;9742923;1;This is placeholder text for each review...
79;9742908;0;This is placeholder text for each review...
79;9742916;1;This is placeholder text for each review...
79;9742925;1;This is placeholder text for each review...
79;9742909;1;This is placeholder text for each review...
79;9742911;1;This is placeholder text for each review...
79;9742910;0;This is placeholder text for each review...
80;9742923;1;This is placeholder text for each review...
80;9742917;0;This is placeholder text for each review...
80;9742914;0;This is placeholder text for each review...
80;9742907;0;This is placeholder text for each review...
80;9742918;0;This is placeholder text for each review...
80;9742925;0;This is placeholder text for each review...
80;9742921;0;This is placeholder text for each review...
81;9742924;1;This is placeholder text for each review...
81;9742925;0;This is placeholder text for each review...
81;9742919;0;This is placeholder text for each review...
81;9742928;1;This is placeholder text for each review...
81;9742913;0;This is placeholder text for each review...
81;9742922;1;This is placeholder text for each review...
81;9742912;0;This is placeholder text for each review...
82;9742909;1;This is placeholder text for each review...
82;9742914;0;This is placeholder text for each review...
82;9742915;1;This is placeholder text for each review...
82;9742911;1;This is placeholder text for each review...
82;9742920;1;This is placeholder text for each review...
82;9742917;1;This is placeholder text for each review...
82;9742919;0;This is placeholder text for each review...
83;9742926;1;This is placeholder text for each review...
83;9742913;0;This is placeholder text for each review...
83;9742919;0;This is placeholder text for each review...
83;9742921;0;This is placeholder text for each review...
83;9742912;0;This is placeholder text for each review...
83;9742907;1;This is placeholder text for each review...
83;9742917;1;This is placeholder text for each review...
84;9742919;1;This is placeholder text for each review...
84;9742922;0;This is placeholder text for each review...
84;9742920;0;This is placeholder text for each review...
84;9742925;0;This is placeholder text for each review...
84;9742909;1;This is placeholder text for each review...
85;9742908;1;This is placeholder text for each review...
85;9742907;1;This is placeholder text for each review...
85;9742923;0;This is placeholder text for each review...
85;9742911;0;This is placeholder text for each review...
85;9742924;1;This is placeholder text for each review...
85;9742920;1;This is placeholder text for each review...
85;9742914;0;This is placeholder text for each review...
86;9742918;0;This is placeholder text for each review...
86;9742922;1;This is placeholder text for each review...
86;9742907;1;This is placeholder text for each review...
86;9742910;1;This is placeholder text for each review...
86;9742927;0;This is placeholder text for each review...
86;9742925;0;This is placeholder text for each review...
86;9742909;0;This is placeholder text for each review...
87;9742928;0;This is placeholder text for each review...
87;9742911;1;This is placeholder text for each review...
87;9742919;0;This is placeholder text for each review...
87;9742927;0;This is placeholder text for each review...
87;9742915;1;This is placeholder text for each review...
87;9742917;1;This is placeholder text for each review...
87;9742912;0;This is placeholder text for each review...
88;9742929;0;This is placeholder text for each review...
88;9742926;1;This is placeholder text for each review...
88;9742927;0;This is placeholder text for each review...
88;9742925;1;This is placeholder text for each review...
88;9742922;1;This is placeholder text for each review...
88;9742912;0;This is placeholder text for each review...
88;9742918;0;This is placeholder text for each review...
89;9742908;1;This is placeholder text for each review...
89;9742915;0;This is placeholder text for each review...
89;9742929;1;This is placeholder text for each review...
89;9742923;1;This is placeholder text for each review...
89;9742918;1;This is placeholder text for each review...
89;9742916;1;This is placeholder text for each review...
89;9742909;0;This is placeholder text for each review...
90;9742917;1;This is placeholder text for each review...
90;9742911;1;This is placeholder text for each review...
90;9742921;0;This is placeholder text for each review...
90;9742919;0;This is placeholder text for each review...
90;9742910;1;This is placeholder text for each review...
90;9742913;1;This is placeholder text for each review...
90;9742916;0;This is placeholder text for each review...
91;9742916;0;This is placeholder text for each review...
91;9742908;0;This is placeholder text for each review...
91;9742914;0;This is placeholder text for each review...
91;9742913;0;This is placeholder text for each review...
91;9742918;1;This is placeholder text for each review...
91;9742912;1;This is placeholder text for each review...
91;9742917;1;This is placeholder text for each review...
92;9742916;1;This is placeholder text for each review...
92;9742918;0;This is placeholder text for each review...
92;9742910;1;This is placeholder text for each review...
92;9742907;0;This is placeholder text for each review...
92;9742921;0;This is placeholder text for each review...
92;9742908;1;This is placeholder text for each review...
92;9742927;1;This is placeholder text for each review...
93;9742914;1;This is placeholder text for each review...
93;9742918;0;This is placeholder text for each review...
93;9742928;0;This is placeholder text for each review...
93;9742915;1;This is placeholder text for each review...
93;9742925;0;This is placeholder text for each review...
94;9742912;0;This is placeholder text for each review...
94;9742925;0;This is placeholder text for each review...
94;9742914;0;This is placeholder text for each review...
94;9742915;0;This is placeholder text for each review...
94;9742926;0;This is placeholder text for each review...
94;9742910;1;This is placeholder text for each review...
94;9742908;1;This is placeholder text for each review...
95;9742924;0;This is placeholder text for each review...
95;9742911;0;This is placeholder text for each review...
95;9742912;0;This is placeholder text for each review...
95;9742926;0;This is placeholder text for each review...
95;9742909;1;This is placeholder text for each review...
95;9742913;1;This is placeholder text for each review...
95;9742907;1;This is placeholder text for each review...
96;9742921;1;This is placeholder text for each review...
96;9742929;1;This is placeholder text for each review...
96;9742916;1;This is placeholder text for each review...
96;9742912;0;This is placeholder text for each review...
96;9742923;1;This is placeholder text for each review...
96;9742920;1;This is placeholder text for each review...
96;9742917;1;This is placeholder text for each review...
97;9742916;0;This is placeholder text for each review...
97;9742910;0;This is placeholder text for each review...
97;9742926;1;This is placeholder text for each review...
97;9742923;0;This is placeholder text for each review...
97;9742921;0;This is placeholder text for each review...
97;9742918;0;This is placeholder text for each review...
97;9742907;0;This is placeholder text for each review...
98;9742923;1;This is placeholder text for each review...
98;9742912;1;This is placeholder text for each review...
98;9742920;0;This is placeholder text for each review...
98;9742924;0;This is placeholder text for each review...
98;9742916;0;This is placeholder text for each review...
98;9742908;0;This is placeholder text for each review...
98;9742919;1;This is placeholder text for each review...
99;9742926;0;This is placeholder text for each review...
99;9742928;0;This is placeholder text for each review...
99;9742909;0;This is placeholder text for each review...
99;9742912;0;This is placeholder text for each review...
99;9742925;1;This is placeholder text for each review...
100;9742919;1;This is placeholder text for each review...
100;9742926;1;This is placeholder text for each review...
100;9742907;0;This is placeholder text for each review...
100;9742914;0;This is placeholder text for each review...
100;9742910;1;This is placeholder text for each review...
100;9742911;0;This is placeholder text for each review...
100;9742918;0;This is placeholder text for each review...
101;9742928;1;This is placeholder text for each review...
101;9742911;1;This is placeholder text for each review...
101;9742927;0;This is placeholder text for each review...
101;9742915;1;This is placeholder text for each review...
101;9742912;0;This is placeholder text for each review...
101;9742918;0;This is placeholder text for each review...
101;9742920;0;This is placeholder text for each review...
102;9742915;0;This is placeholder text for each review...
102;9742928;1;This is placeholder text for each review...
102;9742908;0;This is placeholder text for each review...
102;9742926;0;This is placeholder text for each review...
102;9742913;1;This is placeholder text for each review...
102;9742914;1;This is placeholder text for each review...
102;9742919;1;This is placeholder text for each review...
103;9742929;1;This is placeholder text for each review...
103;9742921;0;This is placeholder text for each review...
103;9742924;1;This is placeholder text for each review...
103;9742916;0;This is placeholder text for each review...
103;9742917;1;This is placeholder text for each review...
103;9742915;1;This is placeholder text for each review...
103;9742920;0;This is placeholder text for each review...
104;9742927;1;This is placeholder text for each review...
104;9742918;1;This is placeholder text for each review...
104;9742922;1;This is placeholder text for each review...
104;9742911;1;This is placeholder text for each review...
104;9742923;0;This is placeholder text for each review...
104;9742928;0;This is placeholder text for each review...
105;9742929;0;This is placeholder text for each review...
105;9742920;0;This is placeholder text for each review...
105;9742910;0;This is placeholder text for each review...
105;9742908;1;This is placeholder text for each review...
105;9742925;1;This is placeholder text for each review...
105;9742916;0;This is placeholder text for each review...
106;9742916;0;This is placeholder text for each review...
106;9742919;0;This is placeholder text for each review...
106;9742915;0;This is placeholder text for each review...
106;9742924;0;This is placeholder text for each review...
106;9742908;1;This is placeholder text for each review...
106;9742928;0;This is placeholder text for each review...
106;9742907;0;This is placeholder text for each review...
107;9742907;0;This is placeholder text for each review...
107;9742908;0;This is placeholder text for each review...
107;9742913;1;This is placeholder text for each review...
107;9742928;0;This is placeholder text for each review...
107;9742916;1;This is placeholder text for each review...
107;9742910;0;This is placeholder text for each review...
107;9742918;0;This is placeholder text for each review...
108;9742928;1;This is placeholder text for each review...
108;9742912;1;This is placeholder text for each review...
108;9742907;0;This is placeholder text for each review...
108;9742915;0;This is placeholder text for each review...
108;9742910;1;This is placeholder text for each review...
108;9742922;0;This is placeholder text for each review...
108;9742927;0;This is placeholder text for each review...
109;9742929;1;This is placeholder text for each review...
109;9742919;1;This is placeholder text for each review...
109;9742923;0;This is placeholder text for each review...
109;9742913;1;This is placeholder text for each review...
109;9742917;1;This is placeholder text for each review...
109;9742915;0;This is placeholder text for each review...
109;9742909;1;This is placeholder text for each review...
110;9742911;0;This is placeholder text for each review...
110;9742923;0;This is placeholder text for each review...
110;9742912;1;This is placeholder text for each review...
110;9742929;1;This is placeholder text for each review...
110;9742927;1;This is placeholder text for each review...
110;9742908;1;This is placeholder text for each review...
110;9742924;1;This is placeholder text for each review...
111;9742914;1;This is placeholder text for each review...
111;9742922;1;This is placeholder text for each review...
111;9742913;0;This is placeholder text for each review...
111;9742910;1;This is placeholder text for each review...
111;9742921;1;This is placeholder text for each review...
111;9742929;1;This is placeholder text for each review...
111;9742927;1;This is placeholder text for each review...
112;9742923;1;This is placeholder text for each review...
112;9742912;1;This is placeholder text for each review...
112;9742928;0;This is placeholder text for each review...
112;9742916;0;This is placeholder text for each review...
112;9742907;0;This is placeholder text for each review...
112;9742920;1;This is placeholder text for each review...
112;9742915;1;This is placeholder text for each review...
113;9742928;1;This is placeholder text for each review...
113;9742920;1;This is placeholder text for each review...
113;9742921;1;This is placeholder text for each review...
113;9742923;0;This is placeholder text for each review...
113;9742922;0;This is placeholder text for each review...
113;9742912;1;This is placeholder text for each review...
113;9742918;1;This is placeholder text for each review...
114;9742927;0;This is placeholder text for each review...
114;9742926;1;This is placeholder text for each review...
114;9742912;0;This is placeholder text for each review...
114;9742914;1;This is placeholder text for each review...
115;9742908;0;This is placeholder text for each review...
115;9742914;1;This is placeholder text for each review...
115;9742924;1;This is placeholder text for each review...
115;9742925;0;This is placeholder text for each review...
115;9742913;0;This is placeholder text for each review...
115;9742919;1;This is placeholder text for each review...
115;9742920;0;This is placeholder text for each review...
116;9742929;0;This is placeholder text for each review...
116;9742927;0;This is placeholder text for each review...
116;9742907;1;This is placeholder text for each review...
116;9742923;0;This is placeholder text for each review...
116;9742918;1;This is placeholder text for each review...
116;9742921;1;This is placeholder text for each review...
116;9742909;0;This is placeholder text for each review...
117;9742912;1;This is placeholder text for each review...
117;9742916;1;This is placeholder text for each review...
117;9742927;0;This is placeholder text for each review...
117;9742915;0;This is placeholder text for each review...
117;9742925;0;This is placeholder text for each review...
117;9742907;1;This is placeholder text for each review...
117;9742923;1;This is placeholder text for each review...
118;9742909;1;This is placeholder text for each review...
118;9742925;1;This is placeholder text for each review...
118;9742917;1;This is placeholder text for each review...
118;9742928;0;This is placeholder text for each review...
118;9742920;1;This is placeholder text for each review...
118;9742907;0;This is placeholder text for each review...
118;9742929;0;This is placeholder text for each review...
119;9742925;1;This is placeholder text for each review...
119;9742927;1;This is placeholder text for each review...
119;9742920;0;This is placeholder text for each review...
119;9742908;1;This is placeholder text for each review...
119;9742922;1;This is placeholder text for each review...
119;9742923;1;This is placeholder text for each review...
119;9742918;0;This is placeholder text for each review...
120;9742910;1;This is placeholder text for each review...
120;9742929;0;This is placeholder text for each review...
120;9742924;1;This is placeholder text for each review...
120;9742926;0;This is placeholder text for each review...
120;9742917;1;This is placeholder text for each review...
120;9742928;0;This is placeholder text for each review...
120;9742925;1;This is placeholder text for each review...
121;9742922;0;This is placeholder text for each review...
121;9742917;1;This is placeholder text for each review...
121;9742908;1;This is placeholder text for each review...
121;9742911;0;This is placeholder text for each review...
121;9742912;0;This is placeholder text for each review...
121;9742918;0;This is placeholder text for each review...
121;9742925;0;This is placeholder text for each review...
122;9742909;1;This is placeholder text for each review...
122;9742910;1;This is placeholder text for each review...
122;9742920;1;This is placeholder text for each review...
122;9742911;0;This is placeholder text for each review...
122;9742929;1;This is placeholder text for each review...
123;9742912;0;This is placeholder text for each review...
123;9742913;0;This is placeholder text for each review...
123;9742924;1;This is placeholder text for each review...
123;9742925;0;This is placeholder text for each review...
123;9742910;1;This is placeholder text for each review...
123;9742922;1;This is placeholder text for each review...
123;9742907;0;This is placeholder text for each review...
124;9742929;0;This is placeholder text for each review...
124;9742914;1;This is placeholder text for each review...
124;9742908;1;This is placeholder text for each review...
124;9742912;1;This is placeholder text for each review...
124;9742920;1;This is placeholder text for each review...
124;9742909;0;This is placeholder text for each review...
124;9742917;1;This is placeholder text for each review...
125;9742922;1;This is placeholder text for each review...
125;9742911;0;This is placeholder text for each review...
125;9742913;1;This is placeholder text for each review...
125;9742923;1;This is placeholder text for each review...
125;9742919;1;This is placeholder text for each review...
125;9742921;1;This is placeholder text for each review...
125;9742907;1;This is placeholder text for each review...
126;9742925;0;This is placeholder text for each review...
126;9742926;1;This is placeholder text for each review...
126;9742920;0;This is placeholder text for each review...
126;9742923;0;This is placeholder text for each review...
126;9742907;1;This is placeholder text for each review...
126;9742922;0;This is placeholder text for each review...
127;9742912;0;This is placeholder text for each review...
127;9742918;1;This is placeholder text for each review...
127;9742908;1;This is placeholder text for each review...
127;9742910;1;This is placeholder text for each review...
127;9742916;1;This is placeholder text for each review...
127;9742925;0;This is placeholder text for each review...
127;9742911;1;This is placeholder text for each review...
128;9742924;1;This is placeholder text for each review...
128;9742920;0;This is placeholder text for each review...
128;9742910;0;This is placeholder text for each review...
128;9742915;0;This is placeholder text for each review...
128;9742925;1;This is placeholder text for each review...
128;9742912;0;This is placeholder text for each review...
128;9742917;0;This is placeholder text for each review...
129;9742919;1;This is placeholder text for each review...
129;9742929;1;This is placeholder text for each review...
129;9742918;1;This is placeholder text for each review...
129;9742917;0;This is placeholder text for each review...
129;9742928;0;This is placeholder text for each review...
129;9742921;1;This is placeholder text for each review...
129;9742910;0;This is placeholder text for each review...
130;9742919;0;This is placeholder text for each review...
130;9742910;1;This is placeholder text for each review...
130;9742911;1;This is placeholder text for each review...
130;9742925;0;This is placeholder text for each review...
130;9742929;0;This is placeholder text for each review...
130;9742907;0;This is placeholder text for each review...
131;9742923;1;This is placeholder text for each review...
131;9742918;1;This is placeholder text for each review...
131;9742920;1;This is placeholder text for each review...
131;9742928;0;This is placeholder text for each review...
131;9742911;1;This is placeholder text for each review...
131;9742921;0;This is placeholder text for each review...
132;9742908;1;This is placeholder text for each review...
132;9742911;1;This is placeholder text for each review...
132;9742921;0;This is placeholder text for each review...
132;9742917;1;This is placeholder text for each review...
132;9742923;0;This is placeholder text for each review...
132;9742912;0;This is placeholder text for each review...
132;9742916;0;This is placeholder text for each review...
133;9742916;1;This is placeholder text for each review...
133;9742915;1;This is placeholder text for each review...
133;9742911;1;This is placeholder text for each review...
133;9742918;0;This is placeholder text for each review...
133;9742921;1;This is placeholder text for each review...
133;9742908;0;This is placeholder text for each review...
133;9742924;0;This is placeholder text for each review...
134;9742920;0;This is placeholder text for each review...
134;9742912;1;This is placeholder text for each review...
134;9742929;1;This is placeholder text for each review...
134;9742926;1;This is placeholder text for each review...
134;9742921;1;This is placeholder text for each review...
135;9742908;0;This is placeholder text for each review...
135;9742921;1;This is placeholder text for each review...
135;9742907;1;This is placeholder text for each review...
135;9742909;1;This is placeholder text for each review...
135;9742913;0;This is placeholder text for each review...
135;9742910;1;This is placeholder text for each review...
135;9742916;0;This is placeholder text for each review...
136;9742920;0;This is placeholder text for each review...
136;9742917;1;This is placeholder text for each review...
136;9742908;0;This is placeholder text for each review...
136;9742923;0;This is placeholder text for each review...
136;9742911;1;This is placeholder text for each review...
136;9742914;1;This is placeholder text for each review...
136;9742916;0;This is placeholder text for each review...
137;9742917;0;This is placeholder text for each review...
137;9742928;1;This is placeholder text for each review...
137;9742921;0;This is placeholder text for each review...
137;9742918;0;This is placeholder text for each review...
138;9742929;1;This is placeholder text for each review...
138;9742920;0;This is placeholder text for each review...
138;9742919;1;This is placeholder text for each review...
138;9742913;0;This is placeholder text for each review...
138;9742912;0;This is placeholder text for each review...
138;9742908;1;This is placeholder text for each review...
138;9742911;1;This is placeholder text for each review...
139;9742922;0;This is placeholder text for each review...
139;9742915;1;This is placeholder text for each review...
139;9742910;1;This is placeholder text for each review...
139;9742907;1;This is placeholder text for each review...
139;9742916;0;This is placeholder text for each review...
139;9742911;1;This is placeholder text for each review...
139;9742929;0;This is placeholder text for each review...
140;9742914;1;This is placeholder text for each review...
140;9742908;0;This is placeholder text for each review...
140;9742920;0;This is placeholder text for each review...
140;9742913;1;This is placeholder text for each review...
140;9742921;0;This is placeholder text for each review...
140;9742922;0;This is placeholder text for each review...
140;9742910;0;This is placeholder text for each review...
141;9742924;1;This is placeholder text for each review...
141;9742913;0;This is placeholder text for each review...
141;9742916;1;This is placeholder text for each review...
141;9742919;0;This is placeholder text for each review...
141;9742911;0;This is placeholder text for each review...
142;9742910;1;This is placeholder text for each review...
142;9742922;0;This is placeholder text for each review...
142;9742917;1;This is placeholder text for each review...
142;9742912;0;This is placeholder text for each review...
142;9742927;1;This is placeholder text for each review...
142;9742929;0;This is placeholder text for each review...
143;9742923;1;This is placeholder text for each review...
143;9742914;0;This is placeholder text for each review...
143;9742915;0;This is placeholder text for each review...
143;9742929;0;This is placeholder text for each review...
143;9742910;0;This is placeholder text for each review...
143;9742918;1;This is placeholder text for each review...
144;9742916;1;This is placeholder text for each review...
144;9742929;0;This is placeholder text for each review...
144;9742919;0;This is placeholder text for each review...
144;9742915;0;This is placeholder text for each review...
144;9742922;0;This is placeholder text for each review...
144;9742927;0;This is placeholder text for each review...
145;9742918;0;This is placeholder text for each review...
145;9742922;0;This is placeholder text for each review...
145;9742916;1;This is placeholder text for each review...
145;9742913;1;This is placeholder text for each review...
145;9742924;0;This is placeholder text for each review...
145;9742919;1;This is placeholder text for each review...
145;9742929;0;This is placeholder text for each review...
146;9742929;0;This is placeholder text for each review...
146;9742927;0;This is placeholder text for each review...
146;9742922;1;This is placeholder text for each review...
146;9742915;0;This is placeholder text for each review...
147;9742916;0;This is placeholder text for each review...
147;9742907;1;This is placeholder text for each review...
147;9742928;0;This is placeholder text for each review...
147;9742923;1;This is placeholder text for each review...
147;9742929;0;This is placeholder text for each review...
147;9742913;1;This is placeholder text for each review...
147;9742919;0;This is placeholder text for each review...
148;9742919;1;This is placeholder text for each review...
148;9742918;0;This is placeholder text for each review...
148;9742916;1;This is placeholder text for each review...
148;9742928;0;This is placeholder text for each review...
148;9742911;1;This is placeholder text for each review...
149;9742923;0;This is placeholder text for each review...
149;9742908;1;This is placeholder text for each review...
149;9742914;0;This is placeholder text for each review...
149;9742922;1;This is placeholder text for each review...
149;9742909;0;This is placeholder text for each review...
149;9742924;0;This is placeholder text for each review...
149;9742907;0;This is placeholder text for each review...
150;9742922;0;This is placeholder text for each review...
150;9742919;0;This is placeholder text for each review...
150;9742928;0;This is placeholder text for each review...
150;9742907;1;This is placeholder text for each review...
150;9742917;1;This is placeholder text for each review...
150;9742912;1;This is placeholder text for each review...
150;9742913;1;This is placeholder text for each review...
151;9742921;1;This is placeholder text for each review...
151;9742914;1;This is placeholder text for each review...
151;9742922;0;This is placeholder text for each review...
151;9742920;1;This is placeholder text for each review...
151;9742913;1;This is placeholder text for each review...
151;9742916;0;This is placeholder text for each review...
151;9742925;1;This is placeholder text for each review...
152;9742925;1;This is placeholder text for each review...
152;9742915;1;This is placeholder text for each review...
152;9742929;1;This is placeholder text for each review...
152;9742911;1;This is placeholder text for each review...
152;9742923;1;This is placeholder text for each review...
152;9742921;1;This is placeholder text for each review...
152;9742927;1;This is placeholder text for each review...
153;9742918;0;This is placeholder text for each review...
153;9742908;0;This is placeholder text for each review...
153;9742924;1;This is placeholder text for each review...
153;9742925;0;This is placeholder text for each review...
153;9742909;0;This is placeholder text for each review...
153;9742917;1;This is placeholder text for each review...
153;9742912;0;This is placeholder text for each review...
154;9742924;0;This is placeholder text for each review...
154;9742912;0;This is placeholder text for each review...
154;9742911;1;This is placeholder text for each review...
154;9742922;1;This is placeholder text for each review...
154;9742919;0;This is placeholder text for each review...
154;9742921;1;This is placeholder text for each review...
154;9742929;0;This is placeholder text for each review...
155;9742920;0;This is placeholder text for each review...
155;9742928;1;This is placeholder text for each review...
155;9742912;1;This is placeholder text for each review...
155;9742909;1;This is placeholder text for each review...
155;9742922;1;This is placeholder text for each review...
155;9742911;0;This is placeholder text for each review...
155;9742926;1;This is placeholder text for each review...
156;9742912;1;This is placeholder text for each review...
156;9742920;1;This is placeholder text for each review...
156;9742919;0;This is placeholder text for each review...
156;9742922;1;This is placeholder text for each review...
157;9742909;0;This is placeholder text for each review...
157;9742911;0;This is placeholder text for each review...
157;9742916;0;This is placeholder text for each review...
157;9742921;0;This is placeholder text for each review...
157;9742914;0;This is placeholder text for each review...
157;9742910;0;This is placeholder text for each review...
157;9742920;0;This is placeholder text for each review...
158;9742923;0;This is placeholder text for each review...
158;9742919;0;This is placeholder text for each review...
158;9742912;0;This is placeholder text for each review...
158;9742909;0;This is placeholder text for each review...
158;9742917;1;This is placeholder text for each review...
158;9742929;1;This is placeholder text for each review...
158;9742921;0;This is placeholder text for each review...
159;9742908;1;This is placeholder text for each review...
159;9742921;0;This is placeholder text for each review...
159;9742924;0;This is placeholder text for each review...
159;9742912;0;This is placeholder text for each review...
159;9742914;1;This is placeholder text for each review...
159;9742928;0;This is placeholder text for each review...
159;9742913;1;This is placeholder text for each review...
160;9742920;1;This is placeholder text for each review...
160;9742910;0;This is placeholder text for each review...
160;9742923;0;This is placeholder text for each review...
160;9742915;1;This is placeholder text for each review...
160;9742907;0;This is placeholder text for each review...
160;9742913;0;This is placeholder text for each review...
160;9742924;1;This is placeholder text for each review...
161;9742921;0;This is placeholder text for each review...
161;9742917;1;This is placeholder text for each review...
161;9742920;0;This is placeholder text for each review...
161;9742918;1;This is placeholder text for each review...
162;9742928;1;This is placeholder text for each review...
162;9742916;1;This is placeholder text for each review...
162;9742917;1;This is placeholder text for each review...
162;9742913;1;This is placeholder text for each review...
162;9742915;0;This is placeholder text for each review...
162;9742914;1;This is placeholder text for each review...
162;9742910;1;This is placeholder text for each review...
163;9742911;0;This is placeholder text for each review...
163;9742919;0;This is placeholder text for each review...
163;9742925;0;This is placeholder text for each review...
163;9742910;1;This is placeholder text for each review...
163;9742928;0;This is placeholder text for each review...
163;9742912;0;This is placeholder text for each review...
163;9742915;0;This is placeholder text for each review...
164;9742915;1;This is placeholder text for each review...
164;9742928;1;This is placeholder text for each review...
164;9742929;1;This is placeholder text for each review...
164;9742920;1;This is placeholder text for each review...
164;9742913;0;This is placeholder text for each review...
165;9742919;0;This is placeholder text for each review...
165;9742923;0;This is placeholder text for each review...
165;9742907;0;This is placeholder text for each review...
165;9742910;1;This is placeholder text for each review...
165;9742909;0;This is placeholder text for each review...
165;9742928;1;This is placeholder text for each review...
165;9742922;0;This is placeholder text for each review...
166;9742910;0;This is placeholder text for each review...
166;9742920;1;This is placeholder text for each review...
166;9742915;0;This is placeholder text for each review...
166;9742924;1;This is placeholder text for each review...
166;9742925;0;This is placeholder text for each review...
167;9742922;1;This is placeholder text for each review...
167;9742926;1;This is placeholder text for each review...
167;9742915;0;This is placeholder text for each review...
167;9742912;1;This is placeholder text for each review...
167;9742913;0;This is placeholder text for each review...
167;9742929;1;This is placeholder text for each review...
167;9742919;1;This is placeholder text for each review...
168;9742924;0;This is placeholder text for each review...
168;9742920;0;This is placeholder text for each review...
168;9742927;1;This is placeholder text for each review...
168;9742929;1;This is placeholder text for each review...
168;9742910;1;This is placeholder text for each review...
168;9742919;1;This is placeholder text for each review...
168;9742922;0;This is placeholder text for each review...
169;9742913;1;This is placeholder text for each review...
169;9742922;0;This is placeholder text for each review...
169;9742914;1;This is placeholder text for each review...
169;9742923;0;This is placeholder text for each review...
169;9742915;0;This is placeholder text for each review...
169;9742929;0;This is placeholder text for each review...
169;9742921;1;This is placeholder text for each review...
